{
    "display": {
        "icon": {
            "item": "minecraft:stone"
        },
        "title": "",
        "description": "",
        "hidden": true,
        "show_toast": false,
        "announce_to_chat": false
    },
    "criteria": {
        "defeat_drag": {
            "trigger": "player_killed_entity",
            "conditions": {
                "entity": {
                    "type": "ender_dragon"
                }
            }
        }
    },
    "rewards": {
        "function": "drag:music/set_victory"
    }
}