{
  "type": "minecraft:tree",
  "config": {
    "max_water_depth": 0,
    "ignore_vines": false,
    "heightmap": "OCEAN_FLOOR_WG",
    "minimum_size": {
      "type": "minecraft:two_layers_feature_size",
      "limit": 0,
      "lower_size": 0,
      "upper_size": 0
    },
    "trunk_provider": {
      "type": "minecraft:simple_state_provider",
      "state": {
        "Name": "minecraft:stripped_dark_oak_wood",
        "Properties": {
          "axis": "y"
        }
      }
    },
    "leaves_provider": {
      "type": "minecraft:simple_state_provider",
      "state": {
        "Name": "minecraft:dark_oak_leaves",
        "Properties": {
          "persistent": "false",
          "distance": "7"
        }
      }
    },
    "trunk_placer": {
      "type": "minecraft:fancy_trunk_placer",
      "base_height": 16,
      "height_rand_a": 12,
      "height_rand_b": 0
    },
    "foliage_placer": {
      "type": "minecraft:fancy_foliage_placer",
      "radius": 0,
      "offset": 0,
      "height": 0
    },
    "decorators": []
  }
}