{
  "type": "minecraft:decorated",
  "config": {
    "decorator": {
      "type": "minecraft:count_extra",
      "config": {
        "count": 128,
        "extra_count": 0,
        "extra_chance": 0
      }
    },
    "feature": {
      "type": "minecraft:tree",
      "config": {
        "max_water_depth": 0,
        "ignore_vines": false,
        "heightmap": "OCEAN_FLOOR_WG",
        "minimum_size": {
          "type": "minecraft:two_layers_feature_size",
          "limit": 0,
          "lower_size": 0,
          "upper_size": 0
        },
        "trunk_provider": {
          "type": "minecraft:simple_state_provider",
          "state": {
            "Name": "minecraft:stripped_dark_oak_log",
            "Properties": {
              "axis": "y"
            }
          }
        },
        "leaves_provider": {
          "type": "minecraft:weighted_state_provider",
          "entries": [
            {
              "weight": 10,
              "data": {
                "Name": "minecraft:air"
              }
            },
            {
              "weight": 1,
              "data": {
                "Name": "minecraft:stripped_dark_oak_log",
                "Properties": {
                  "axis": "y"
                }
              }
            }
          ]
        },
        "trunk_placer": {
          "type": "minecraft:straight_trunk_placer",
          "base_height": 1,
          "height_rand_a": 18,
          "height_rand_b": 0
        },
        "foliage_placer": {
          "type": "minecraft:blob_foliage_placer",
          "radius": 1,
          "offset": 0,
          "height": 3
        },
        "decorators": []
      }
    }
  }
}