{
  "type": "minecraft:decorated",
  "config": {
    "decorator": {
      "type": "minecraft:count_noise_biased",
      "config": {
        "noise_to_count_ratio": -300,
        "noise_factor": 150,
        "noise_offset": 0.3
      }
    },
    "feature": {
      "type": "minecraft:decorated",
      "config": {
        "decorator": {
          "type": "minecraft:decorated",
          "config": {
            "outer": {
              "type": "minecraft:square",
              "config": {}
            },
            "inner": {
              "type": "minecraft:heightmap",
              "config": {}
            }
          }
        },
        "feature": {
          "type": "minecraft:ore",
          "config": {
            "state": {
              "Name": "minecraft:mycelium",
              "Properties": {
                "snowy": "false"
              }
            },
            "size": 16,
            "target": {
              "predicate_type": "minecraft:block_match",
              "block": "minecraft:grass_block"
            }
          }
        }
      }
    }
  }
}