{
  "type": "minecraft:decorated",
  "config": {
    "decorator": {
      "type": "minecraft:count_noise_biased",
      "config": {
        "noise_to_count_ratio": 50,
        "noise_factor": 200,
        "noise_offset": -0.6
      }
    },
    "feature": {
      "type": "minecraft:decorated",
      "config": {
        "decorator": {
          "type": "minecraft:decorated",
          "config": {
            "outer": {
              "type": "minecraft:square",
              "config": {}
            },
            "inner": {
              "type": "minecraft:heightmap",
              "config": {}
            }
          }
        },
        "feature": {
          "type": "minecraft:random_selector",
          "config": {
            "features": [
              {
                "feature": "minecraft:spruce",
                "chance": 0.5
              }
            ],
            "default": "minecraft:spruce"
          }
        }
      }
    }
  }
}