{
  "config": {
    "feature": {
      "config": {
        "feature": {
          "config": {
            "can_replace": false,
            "project": true,
            "need_water": false,
            "xspread": 3,
            "yspread": 3,
            "zspread": 3,
            "whitelist": [],
            "blacklist": [],
            "tries": 64,
            "state_provider": {
              "state": {
                "Name": "minecraft:wither_rose"
              },
              "type": "minecraft:simple_state_provider"
            },
            "block_placer": {
              "type": "minecraft:simple_block_placer"
            }
          },
          "type": "minecraft:no_bonemeal_flower"
        },
        "decorator": {
          "config": {},
          "type": "minecraft:spread_32_above"
        }
      },
      "type": "minecraft:decorated"
    },
    "decorator": {
      "config": {
        "outer": {
          "config": {},
          "type": "minecraft:square"
        },
        "inner": {
          "config": {},
          "type": "minecraft:heightmap"
        }
      },
      "type": "minecraft:decorated"
    }
  },
  "type": "minecraft:decorated"
}