{
  "scale": 0.05,
  "effects": {
    "mood_sound": {
      "sound": "minecraft:ambient.cave",
      "tick_delay": 6000,
      "block_search_extent": 8,
      "offset": 2.0
    },
    "grass_color_modifier": "swamp",
    "foliage_color": 6975545,
    "sky_color": 11842740,
    "fog_color": 13158600,
    "water_color": 6388580,
    "water_fog_color": 2302743
  },
  "surface_builder": "minecraft:swamp",
  "carvers": {
    "air": [
      "minecraft:cave"
    ]
  },
  "features": [
    [],
    [],
    [],
    [
      "minecraft:monster_room"
    ],
    [],
    [],
    [
      "wythers:dark_forest/road",
      "wythers:dark_forest/road_flooded",
      "wythers:dark_forest/road_mossify",
      "wythers:generic/heightmap_ore_podzol_in_grass",
      "minecraft:ore_dirt",
      "minecraft:ore_gravel",
      "minecraft:ore_granite",
      "minecraft:ore_diorite",
      "minecraft:ore_andesite",
      "minecraft:ore_coal",
      "minecraft:ore_iron",
      "minecraft:ore_gold",
      "minecraft:ore_redstone",
      "minecraft:ore_diamond",
      "minecraft:ore_lapis",
      "minecraft:disk_clay",
      "wythers:dark_forest/patch_mossy_stone_bricks_base",
      "wythers:dark_forest/patch_mossy_stone_bricks_middle",
      "wythers:dark_forest/patch_mossy_stone_bricks_top"
    ],
    [],
    [
      "wythers:dark_forest/vegetation_giant",
      "minecraft:patch_grass_savanna",
      "minecraft:patch_dead_bush",
      "minecraft:patch_waterlilly",
      "minecraft:brown_mushroom_swamp",
      "minecraft:red_mushroom_swamp",
      "minecraft:brown_mushroom_normal",
      "minecraft:red_mushroom_normal",
      "wythers:dark_forest/patch_carved_pumpkins",
      "minecraft:spring_water",
      "minecraft:seagrass_swamp",
      "wythers:dark_forest/flower_wither_rose",
      "wythers:generic/patch_stones_south_1",
      "wythers:generic/patch_stones_east_1",
      "wythers:dark_forest/simple_block_cobweb"
    ],
    [
      "minecraft:freeze_top_layer"
    ]
  ],
  "starts": [
    "minecraft:mansion",
    "minecraft:mineshaft",
    "minecraft:stronghold",
    "minecraft:ruined_portal"
  ],
  "spawners": {
    "monster": [
      {
        "type": "minecraft:spider",
        "weight": 50,
        "minCount": 4,
        "maxCount": 4
      },
      {
        "type": "minecraft:cave_spider",
        "weight": 50,
        "minCount": 4,
        "maxCount": 4
      },
      {
        "type": "minecraft:zombie",
        "weight": 50,
        "minCount": 4,
        "maxCount": 4
      },
      {
        "type": "minecraft:zombie_villager",
        "weight": 5,
        "minCount": 1,
        "maxCount": 1
      },
      {
        "type": "minecraft:skeleton",
        "weight": 50,
        "minCount": 4,
        "maxCount": 4
      },
      {
        "type": "minecraft:stray",
        "weight": 50,
        "minCount": 4,
        "maxCount": 4
      },
      {
        "type": "minecraft:creeper",
        "weight": 20,
        "minCount": 4,
        "maxCount": 4
      },
      {
        "type": "minecraft:slime",
        "weight": 100,
        "minCount": 4,
        "maxCount": 4
      },
      {
        "type": "minecraft:vex",
        "weight": 30,
        "minCount": 2,
        "maxCount": 2
      },
      {
        "type": "minecraft:vindicator",
        "weight": 30,
        "minCount": 1,
        "maxCount": 2
      },
      {
        "type": "minecraft:ravager",
        "weight": 30,
        "minCount": 1,
        "maxCount": 1
      },
      {
        "type": "minecraft:witch",
        "weight": 30,
        "minCount": 3,
        "maxCount": 4
      }
    ],
    "creature": [
      {
        "type": "minecraft:mooshroom",
        "weight": 50,
        "minCount": 4,
        "maxCount": 8
      },
      {
        "type": "minecraft:cow",
        "weight": 10,
        "minCount": 2,
        "maxCount": 4
      }
    ],
    "ambient": [
      {
        "type": "minecraft:bat",
        "weight": 10,
        "minCount": 8,
        "maxCount": 8
      }
    ],
    "water_creature": [],
    "water_ambient": [
      {
        "type": "minecraft:pufferfish",
        "weight": 5,
        "minCount": 1,
        "maxCount": 3
      }
    ],
    "misc": []
  },
  "spawn_costs": {},
  "player_spawn_friendly": false,
  "precipitation": "rain",
  "temperature": 0.7,
  "downfall": 0.8,
  "category": "forest",
  "depth": 0.125
}