{
  "scale": 0.75,
  "effects": {
    "mood_sound": {
      "sound": "minecraft:ambient.cave",
      "tick_delay": 6000,
      "block_search_extent": 8,
      "offset": 2.0
    },
    "grass_color_modifier": "dark_forest",
    "sky_color": 11842740,
    "fog_color": 13158600,
    "water_color": 6388580,
    "water_fog_color": 2302743
  },
  "surface_builder": "wythers:ruins",
  "carvers": {
    "air": [
      "minecraft:ocean_cave"
    ],
    "liquid": [
      "minecraft:underwater_cave"
    ]
  },
  "features": [
    [
      "wythers:underground_rivers/carver/0",
      "wythers:underground_rivers/carver/1",
      "wythers:underground_rivers/carver/2",
      "wythers:underground_rivers/carver/3",
      "wythers:underground_rivers/carver/4",
      "wythers:underground_rivers/carver/5",
      "wythers:underground_rivers/carver/6",
      "wythers:underground_rivers/carver/7",
      "wythers:forest/flower_cnb_bamboo"
    ],
    [
      "minecraft:lake_water"
    ],
    [],
    [
      "minecraft:monster_room"
    ],
    [],
    [],
    [
      "wythers:generic/replace_podzol_to_grass",
      "wythers:generic/heightmap_ore_mossy_cobblestone",
      "minecraft:ore_dirt",
      "minecraft:ore_gravel",
      "minecraft:ore_andesite",
      "minecraft:ore_coal",
      "minecraft:ore_iron",
      "minecraft:ore_gold",
      "minecraft:ore_redstone",
      "minecraft:ore_diamond",
      "minecraft:ore_lapis",
      "minecraft:disk_clay"
    ],
    [],
    [
      "wythers:jungle/cloud_forest_vegetation",
      "wythers:jungle/cloud_forest_flowers",
      "wythers:generic/patch_ferns_dense",
      "wythers:generic/patch_ferns_tall_dense",
      "minecraft:patch_grass_savanna",
      "minecraft:patch_dead_bush",
      "minecraft:patch_waterlilly",
      "minecraft:brown_mushroom_swamp",
      "minecraft:red_mushroom_swamp",
      "minecraft:brown_mushroom_normal",
      "minecraft:red_mushroom_normal",
      "minecraft:spring_water",
      "minecraft:seagrass_swamp",
      "wythers:generic/patch_stones_south_1",
      "wythers:generic/patch_stones_east_1"
    ],
    [
      "minecraft:freeze_top_layer"
    ]
  ],
  "starts": [],
  "spawners": {
    "monster": [],
    "creature": [
      {
        "type": "minecraft:panda",
        "weight": 80,
        "minCount": 1,
        "maxCount": 2
      },
      {
        "type": "minecraft:cat",
        "weight": 50,
        "minCount": 1,
        "maxCount": 1
      }
    ],
    "ambient": [
      {
        "type": "minecraft:bat",
        "weight": 10,
        "minCount": 8,
        "maxCount": 8
      }
    ],
    "water_creature": [],
    "water_ambient": [],
    "misc": []
  },
  "spawn_costs": {},
  "player_spawn_friendly": false,
  "precipitation": "rain",
  "temperature": 0.5,
  "downfall": 0.8,
  "category": "jungle",
  "depth": 0.0
}