{
  "type": "minecraft:decorated",
  "config": {
    "decorator": {
      "type": "minecraft:count_extra",
      "config": {
        "count": 500,
        "extra_count": 0,
        "extra_chance": 0
      }
    },
    "feature": {
      "type": "minecraft:decorated",
      "config": {
        "decorator": {
          "type": "minecraft:decorated",
          "config": {
            "outer": {
              "type": "minecraft:square",
              "config": {}
            },
            "inner": {
              "type": "minecraft:range",
              "config": {
                "maximum": 9,
                "bottom_offset": 20,
                "top_offset": 0
              }
            }
          }
        },
        "feature": {
          "type": "minecraft:disk",
          "config": {
            "state": {
              "Name": "minecraft:clay"
            },
            "radius": {
              "base": 2,
              "spread": 3
            },
            "half_height": 1.0,
            "targets": [
              {
                "Name": "minecraft:gravel"
              }
            ]
          }
        }
      }
    }
  }
}