{
  "type": "minecraft:decorated",
  "config": {
    "decorator": {
      "type": "minecraft:count_noise_biased",
      "config": {
        "noise_to_count_ratio": -150,
        "noise_factor": 200,
        "noise_offset": 0.6
      }
    },
    "feature": {
      "type": "minecraft:decorated",
      "config": {
        "decorator": {
          "type": "minecraft:heightmap",
          "config": {}
        },
        "feature": {
          "type": "minecraft:decorated",
          "config": {
            "decorator": {
              "type": "minecraft:square",
              "config": {}
            },
            "feature": {
              "type": "minecraft:ore",
              "config": {
                "state": {
                  "Name": "minecraft:coarse_dirt"
                },
                "size": 30,
                "target": {
                  "predicate_type": "minecraft:block_match",
                  "block": "minecraft:grass_block"
                }
              }
            }
          }
        }
      }
    }
  }
}