{
  "type": "minecraft:decorated",
  "config": {
    "decorator": {
      "type": "minecraft:count_noise_biased",
      "config": {
        "noise_to_count_ratio": -100,
        "noise_factor": 100,
        "noise_offset": 0.0
      }
    },
    "feature": {
      "type": "minecraft:decorated",
      "config": {
        "decorator": {
          "type": "minecraft:range",
          "config": {
            "maximum": 40,
            "bottom_offset": 63,
            "top_offset": 0
          }
        },
        "feature": {
          "type": "minecraft:decorated",
          "config": {
            "decorator": {
              "type": "minecraft:square",
              "config": {}
            },
            "feature": {
              "type": "minecraft:delta_feature",
              "config": {
                "contents": {
                  "Name": "minecraft:black_concrete_powder"
                },
                "rim": {
                  "Name": "minecraft:black_concrete_powder"
                },
                "size": {
                  "base": 3,
                  "spread": 4
                },
                "rim_size": {
                  "base": 0,
                  "spread": 2
                }
              }
            }
          }
        }
      }
    }
  }
}