{
  "type": "minecraft:decorated",
  "config": {
    "decorator": {
      "type": "minecraft:count_extra",
      "config": {
        "count": 14,
        "extra_count": 0,
        "extra_chance": 0
      }
    },
    "feature": {
      "type": "minecraft:random_selector",
      "config": {
        "features": [
          {
            "chance": 0.6,
            "feature": "wythers:savanna/tree_component_tall_baobab_trunk"
          },
          {
            "chance": 0.0,
            "feature": "wythers:savanna/tree_component_tall_baobab_branches_2"
          }
        ],
        "default": "wythers:savanna/tree_component_tall_baobab_branches"
      }
    }
  }
}