{
  "type": "minecraft:decorated",
  "config": {
    "decorator": {
      "type": "minecraft:count_noise_biased",
      "config": {
        "noise_to_count_ratio": -500,
        "noise_factor": 200,
        "noise_offset": 0.3
      }
    },
    "feature": {
      "type": "minecraft:decorated",
      "config": {
        "decorator": {
          "type": "minecraft:decorated",
          "config": {
            "outer": {
              "type": "minecraft:square",
              "config": {}
            },
            "inner": {
              "type": "minecraft:range",
              "config": {
                "maximum": 3,
                "bottom_offset": 62,
                "top_offset": 0
              }
            }
          }
        },
        "feature": {
          "type": "minecraft:ore",
          "config": {
            "state": {
              "Name": "minecraft:sand"
            },
            "size": 10,
            "target": {
              "predicate_type": "minecraft:tag_match",
              "tag": "wythers:sandy_jungle"
            }
          }
        }
      }
    }
  }
}